order_id,product_id,user_id,order_date,return_date,product_category,product_price,order_quantity,return_reason,return_status,days_to_return,user_age,user_gender,user_location,payment_method,shipping_method,discount_applied,return_flag,category_return_rate,order_dayofweek,return_risk_score
ORD00000007,PROD00000007,USER00000007,2023-02-09,2024-08-01,Electronics,306.39,3,Not as described,returned,539.0,67,Female,City39,Credit Card,Express,38.91,1,0.5093198992443325,Thursday,0.6478598522371773
ORD00000037,PROD00000037,USER00000037,2023-02-11,2024-05-10,Clothing,246.15,1,Wrong item,returned,454.0,31,Female,City62,Gift Card,Standard,23.63,1,0.5245,Saturday,0.6118031307941643
ORD00000078,PROD00000078,USER00000078,2023-05-07,2024-08-10,Toys,64.29,2,Not as described,returned,461.0,39,Male,City57,Debit Card,Express,47.4,1,0.4953703703703703,Sunday,0.6023398916056524
ORD00000083,PROD00000083,USER00000083,2023-06-08,2024-10-23,Electronics,52.19,1,Not as described,returned,503.0,21,Female,City100,Debit Card,Standard,35.14,1,0.5093198992443325,Thursday,0.6339713229714734
ORD00000132,PROD00000132,USER00000132,2023-02-15,2024-09-03,Electronics,174.94,1,Defective,returned,566.0,62,Female,City48,PayPal,Next-Day,22.43,1,0.5093198992443325,Wednesday,0.6448603658471878
ORD00000159,PROD00000159,USER00000159,2023-09-15,2024-08-25,Clothing,217.79,4,Defective,returned,345.0,40,Male,City62,PayPal,Express,34.27,1,0.5245,Friday,0.6063795202500254
ORD00000163,PROD00000163,USER00000163,2023-04-27,2024-09-14,Toys,291.43,4,Defective,returned,506.0,22,Male,City73,PayPal,Express,8.13,1,0.4953703703703703,Thursday,0.6090708121992949
ORD00000223,PROD00000223,USER00000223,2023-06-09,2024-05-29,Clothing,409.65,2,Not as described,returned,355.0,64,Male,City23,Credit Card,Express,43.1,1,0.5245,Friday,0.6103737716318834
ORD00000230,PROD00000230,USER00000230,2023-05-12,2024-06-08,Home,130.63,1,Defective,returned,393.0,40,Female,City53,Gift Card,Next-Day,12.37,1,0.4901477832512315,Friday,0.6003896418398933
ORD00000249,PROD00000249,USER00000249,2023-02-25,2024-12-24,Home,341.03,4,Defective,returned,668.0,69,Female,City62,Gift Card,Express,2.42,1,0.4901477832512315,Saturday,0.6699950942024945
ORD00000250,PROD00000250,USER00000250,2023-02-06,2024-12-02,Toys,299.98,4,Changed mind,returned,665.0,43,Female,City8,Credit Card,Next-Day,35.3,1,0.4953703703703703,Monday,0.6502894471816588
ORD00000262,PROD00000262,USER00000262,2023-05-13,2024-11-01,Clothing,48.49,2,Wrong item,returned,538.0,27,Male,City77,Credit Card,Standard,48.7,1,0.5245,Saturday,0.6446769297980172
ORD00000298,PROD00000298,USER00000298,2023-02-22,2024-08-16,Toys,43.12,1,Defective,returned,541.0,63,Male,City5,Credit Card,Standard,18.5,1,0.4953703703703703,Wednesday,0.6091397194272147
ORD00000335,PROD00000335,USER00000335,2023-03-16,2024-09-06,Clothing,45.39,5,Defective,returned,540.0,45,Male,City99,Gift Card,Express,7.2,1,0.5245,Thursday,0.6543127990254406
ORD00000343,PROD00000343,USER00000343,2023-03-24,2024-05-23,Electronics,204.18,5,Changed mind,returned,426.0,61,Female,City51,PayPal,Standard,14.43,1,0.5093198992443325,Friday,0.6320877563044837
ORD00000358,PROD00000358,USER00000358,2023-01-02,2024-11-24,Books,253.18,2,Defective,returned,692.0,31,Female,City34,Debit Card,Standard,45.08,1,0.5066144047035767,Monday,0.673308280331991
ORD00000385,PROD00000385,USER00000385,2023-05-21,2024-10-18,Books,197.65,1,Defective,returned,516.0,32,Male,City32,Credit Card,Express,39.62,1,0.5066144047035767,Sunday,0.6376179258601863
ORD00000425,PROD00000425,USER00000425,2023-02-16,2024-11-12,Home,222.67,2,Wrong item,returned,635.0,38,Male,City1,Debit Card,Next-Day,46.61,1,0.4901477832512315,Thursday,0.666370684751955
ORD00000463,PROD00000463,USER00000463,2023-04-17,2024-08-10,Clothing,389.97,5,Not as described,returned,481.0,40,Male,City91,PayPal,Express,29.24,1,0.5245,Monday,0.6105163570008598
ORD00000464,PROD00000464,USER00000464,2023-08-11,2024-10-06,Home,10.16,1,Changed mind,returned,422.0,23,Female,City3,Credit Card,Next-Day,30.19,1,0.4901477832512315,Friday,0.6119951850310672
ORD00000476,PROD00000476,USER00000476,2023-01-30,2024-07-25,Clothing,264.78,3,Defective,returned,542.0,32,Female,City65,Credit Card,Standard,31.26,1,0.5245,Monday,0.6345410948964555
ORD00000484,PROD00000484,USER00000484,2023-03-13,2024-11-07,Toys,374.84,1,Changed mind,returned,605.0,66,Male,City86,Debit Card,Express,5.54,1,0.4953703703703703,Monday,0.6270830446068122
ORD00000497,PROD00000497,USER00000497,2023-06-21,2024-11-07,Books,472.16,3,Changed mind,returned,505.0,25,Female,City84,PayPal,Standard,25.93,1,0.5066144047035767,Wednesday,0.6084863581938804
ORD00000550,PROD00000550,USER00000550,2023-06-16,2024-06-04,Clothing,263.39,1,Changed mind,returned,354.0,43,Female,City62,Credit Card,Standard,34.72,1,0.5245,Friday,0.6099750025361611
ORD00000568,PROD00000568,USER00000568,2023-02-05,2024-12-25,Books,335.54,3,Changed mind,returned,689.0,56,Female,City82,Gift Card,Express,41.45,1,0.5066144047035767,Sunday,0.701629686068288
ORD00000592,PROD00000592,USER00000592,2023-03-03,2024-10-03,Home,41.35,3,Defective,returned,580.0,21,Female,City64,Credit Card,Next-Day,25.77,1,0.4901477832512315,Friday,0.6727368762908612
ORD00000608,PROD00000608,USER00000608,2023-03-09,2024-10-23,Clothing,157.19,3,Wrong item,returned,594.0,58,Female,City36,Credit Card,Standard,33.38,1,0.5245,Thursday,0.674493777182065
ORD00000615,PROD00000615,USER00000615,2023-04-21,2024-06-03,Clothing,74.1,3,Not as described,returned,409.0,29,Male,City74,PayPal,Standard,49.16,1,0.5245,Friday,0.6316759233383534
ORD00000630,PROD00000630,USER00000630,2023-05-17,2024-08-03,Clothing,422.22,3,Defective,returned,444.0,52,Female,City96,PayPal,Express,36.66,1,0.5245,Wednesday,0.6031774756116984
ORD00000670,PROD00000670,USER00000670,2023-01-08,2024-09-18,Home,45.48,1,Not as described,returned,619.0,69,Female,City95,PayPal,Standard,13.04,1,0.4901477832512315,Sunday,0.670898024834944
ORD00000743,PROD00000743,USER00000743,2023-04-18,2024-11-02,Home,36.7,1,Not as described,returned,564.0,26,Female,City31,Gift Card,Next-Day,19.43,1,0.4901477832512315,Tuesday,0.6187983279593632
ORD00000752,PROD00000752,USER00000752,2023-06-29,2024-11-17,Electronics,175.24,2,Changed mind,returned,507.0,22,Male,City16,Debit Card,Express,35.84,1,0.5093198992443325,Thursday,0.635526036133267
ORD00000790,PROD00000790,USER00000790,2023-01-26,2024-08-09,Clothing,484.56,3,Changed mind,returned,561.0,46,Female,City39,Debit Card,Standard,32.69,1,0.5245,Thursday,0.6622321129105347
ORD00000817,PROD00000817,USER00000817,2023-03-21,2024-12-14,Toys,215.54,1,Wrong item,returned,634.0,19,Male,City45,Debit Card,Express,3.21,1,0.4953703703703703,Tuesday,0.6386851797067732
ORD00000835,PROD00000835,USER00000835,2023-03-14,2024-07-19,Electronics,270.07,2,Changed mind,returned,493.0,48,Male,City68,PayPal,Next-Day,27.05,1,0.5093198992443325,Tuesday,0.6092575262758423
ORD00000842,PROD00000842,USER00000842,2023-05-25,2024-11-02,Clothing,494.3,4,Not as described,returned,527.0,43,Male,City95,Gift Card,Standard,49.71,1,0.5245,Thursday,0.649366788396906
ORD00000860,PROD00000860,USER00000860,2023-02-27,2024-10-27,Clothing,110.88,2,Changed mind,returned,608.0,37,Female,City33,Debit Card,Express,44.98,1,0.5245,Monday,0.6597983188099957
ORD00000875,PROD00000875,USER00000875,2023-03-05,2024-10-27,Home,90.76,4,Wrong item,returned,602.0,61,Male,City99,PayPal,Standard,16.62,1,0.4901477832512315,Sunday,0.6645750127873905
ORD00000880,PROD00000880,USER00000880,2023-08-25,2024-12-12,Electronics,195.92,5,Wrong item,returned,475.0,24,Female,City58,Gift Card,Standard,10.94,1,0.5093198992443325,Friday,0.6509757736699338
ORD00000932,PROD00000932,USER00000932,2023-07-07,2024-11-21,Home,469.94,4,Changed mind,returned,503.0,24,Male,City9,Credit Card,Express,3.81,1,0.4901477832512315,Friday,0.6437095098504522
ORD00000965,PROD00000965,USER00000965,2023-03-25,2024-10-15,Books,60.24,3,Not as described,returned,570.0,24,Female,City57,Credit Card,Next-Day,17.63,1,0.5066144047035767,Saturday,0.6386099203985586
ORD00001051,PROD00001051,USER00001051,2023-02-28,2024-10-31,Electronics,439.04,5,Defective,returned,611.0,28,Male,City96,Gift Card,Standard,17.36,1,0.5093198992443325,Tuesday,0.6552091354686189
ORD00001056,PROD00001056,USER00001056,2023-03-10,2024-08-20,Books,305.41,4,Not as described,returned,529.0,20,Female,City92,PayPal,Next-Day,25.07,1,0.5066144047035767,Friday,0.6593855298851765
ORD00001059,PROD00001059,USER00001059,2023-05-09,2024-11-16,Toys,59.62,1,Changed mind,returned,557.0,25,Female,City32,Gift Card,Next-Day,26.03,1,0.4953703703703703,Tuesday,0.6083956510313362
ORD00001072,PROD00001072,USER00001072,2023-06-01,2024-12-22,Toys,52.81,1,Wrong item,returned,570.0,52,Male,City28,PayPal,Express,48.46,1,0.4953703703703703,Thursday,0.6342985663336822
ORD00001074,PROD00001074,USER00001074,2023-06-22,2024-12-06,Home,401.55,2,Not as described,returned,533.0,63,Female,City81,PayPal,Standard,15.18,1,0.4901477832512315,Thursday,0.6273383369701377
ORD00001100,PROD00001100,USER00001100,2023-03-17,2024-06-06,Clothing,237.49,5,Changed mind,returned,447.0,66,Male,City86,Debit Card,Standard,34.38,1,0.5245,Friday,0.6463696404896144
ORD00001103,PROD00001103,USER00001103,2023-01-30,2024-09-01,Home,259.63,4,Wrong item,returned,580.0,32,Female,City58,PayPal,Standard,2.15,1,0.4901477832512315,Monday,0.6247955678413952
ORD00001114,PROD00001114,USER00001114,2023-03-09,2024-11-28,Books,87.22,5,Not as described,returned,630.0,22,Male,City87,Credit Card,Express,18.48,1,0.5066144047035767,Thursday,0.6701582278308235
ORD00001130,PROD00001130,USER00001130,2023-01-10,2024-09-18,Home,330.55,4,Wrong item,returned,617.0,57,Female,City45,Debit Card,Next-Day,8.62,1,0.4901477832512315,Tuesday,0.6395252181688632
ORD00001131,PROD00001131,USER00001131,2023-01-28,2024-09-09,Toys,254.95,5,Defective,returned,590.0,42,Female,City4,PayPal,Express,5.66,1,0.4953703703703703,Saturday,0.6330341679766792
ORD00001143,PROD00001143,USER00001143,2023-05-12,2024-07-05,Electronics,483.41,1,Changed mind,returned,420.0,29,Male,City95,Credit Card,Next-Day,48.0,1,0.5093198992443325,Friday,0.6297454494419783
ORD00001145,PROD00001145,USER00001145,2023-04-15,2024-10-01,Clothing,437.0,2,Wrong item,returned,535.0,38,Male,City29,Gift Card,Express,1.63,1,0.5245,Saturday,0.6435240097846159
ORD00001265,PROD00001265,USER00001265,2023-06-01,2024-09-03,Clothing,103.32,5,Changed mind,returned,460.0,26,Female,City37,Debit Card,Express,3.87,1,0.5245,Thursday,0.623383194662568
ORD00001289,PROD00001289,USER00001289,2023-03-13,2024-12-19,Books,205.75,4,Wrong item,returned,647.0,45,Male,City68,Debit Card,Express,13.56,1,0.5066144047035767,Monday,0.6565021077585996
ORD00001305,PROD00001305,USER00001305,2023-08-20,2024-12-24,Toys,129.02,1,Wrong item,returned,492.0,48,Female,City45,PayPal,Express,26.04,1,0.4953703703703703,Sunday,0.6147196324937965
ORD00001306,PROD00001306,USER00001306,2023-02-05,2024-03-30,Electronics,81.4,2,Defective,returned,419.0,61,Male,City75,PayPal,Next-Day,23.53,1,0.5093198992443325,Sunday,0.6119996926768072
ORD00001348,PROD00001348,USER00001348,2023-03-13,2024-11-17,Home,409.96,3,Not as described,returned,615.0,65,Male,City29,Credit Card,Next-Day,8.89,1,0.4901477832512315,Monday,0.6384470208354804
ORD00001352,PROD00001352,USER00001352,2023-05-12,2024-06-27,Toys,140.34,1,Changed mind,returned,412.0,43,Female,City30,PayPal,Next-Day,26.31,1,0.4953703703703703,Friday,0.6003202776966264
ORD00001357,PROD00001357,USER00001357,2023-03-31,2024-10-16,Toys,339.72,1,Defective,returned,565.0,43,Male,City19,Credit Card,Express,44.11,1,0.4953703703703703,Friday,0.6600014118729716
ORD00001368,PROD00001368,USER00001368,2023-01-31,2024-09-28,Books,385.4,5,Wrong item,returned,606.0,58,Female,City64,Gift Card,Next-Day,20.67,1,0.5066144047035767,Tuesday,0.6411434342960924
ORD00001388,PROD00001388,USER00001388,2023-04-15,2024-10-26,Electronics,459.7,2,Wrong item,returned,560.0,37,Male,City34,Gift Card,Express,25.14,1,0.5093198992443325,Saturday,0.6469992057905064
ORD00001416,PROD00001416,USER00001416,2023-03-01,2024-08-18,Clothing,340.16,3,Changed mind,returned,536.0,36,Male,City1,Credit Card,Express,34.94,1,0.5245,Wednesday,0.6394454538354407
ORD00001431,PROD00001431,USER00001431,2023-03-31,2024-04-27,Clothing,139.65,2,Not as described,returned,393.0,20,Male,City34,PayPal,Next-Day,42.01,1,0.5245,Friday,0.6254133602136851
ORD00001483,PROD00001483,USER00001483,2023-01-14,2024-07-30,Home,40.5,1,Defective,returned,563.0,67,Female,City70,PayPal,Next-Day,47.0,1,0.4901477832512315,Saturday,0.6299804524294959
ORD00001505,PROD00001505,USER00001505,2023-02-10,2024-08-09,Electronics,178.24,3,Changed mind,returned,546.0,56,Female,City88,Debit Card,Express,38.66,1,0.5093198992443325,Friday,0.6775118917095726
ORD00001507,PROD00001507,USER00001507,2023-01-21,2024-08-03,Home,310.89,3,Wrong item,returned,560.0,33,Male,City17,Credit Card,Standard,26.73,1,0.4901477832512315,Saturday,0.6288073031938072
ORD00001557,PROD00001557,USER00001557,2023-07-11,2024-12-01,Electronics,118.35,1,Defective,returned,509.0,44,Female,City59,Debit Card,Express,38.68,1,0.5093198992443325,Tuesday,0.6156241884492352
ORD00001562,PROD00001562,USER00001562,2023-08-19,2024-12-31,Home,385.69,3,Wrong item,returned,500.0,32,Female,City11,Gift Card,Express,42.99,1,0.4901477832512315,Saturday,0.6050411779330148
ORD00001608,PROD00001608,USER00001608,2023-06-25,2024-08-09,Electronics,388.98,1,Not as described,returned,411.0,20,Male,City100,PayPal,Standard,13.98,1,0.5093198992443325,Sunday,0.6088102355289511
ORD00001642,PROD00001642,USER00001642,2023-08-31,2024-12-05,Electronics,119.99,3,Defective,returned,462.0,60,Male,City66,Debit Card,Express,8.28,1,0.5093198992443325,Thursday,0.6178792869227518
ORD00001656,PROD00001656,USER00001656,2023-04-23,2024-05-31,Clothing,174.18,4,Defective,returned,404.0,33,Female,City2,Gift Card,Standard,16.29,1,0.5245,Sunday,0.612375386519978
ORD00001690,PROD00001690,USER00001690,2023-10-07,2024-12-22,Electronics,382.49,1,Not as described,returned,442.0,18,Male,City78,Debit Card,Standard,39.65,1,0.5093198992443325,Saturday,0.600620373126838
ORD00001764,PROD00001764,USER00001764,2023-01-08,2024-07-19,Toys,144.44,2,Changed mind,returned,558.0,70,Male,City13,Gift Card,Next-Day,33.41,1,0.4953703703703703,Sunday,0.6405707824181697
ORD00001792,PROD00001792,USER00001792,2023-01-13,2024-07-15,Toys,353.81,4,Defective,returned,549.0,55,Female,City31,Debit Card,Next-Day,2.84,1,0.4953703703703703,Friday,0.6539566261385175
ORD00001804,PROD00001804,USER00001804,2023-02-01,2024-11-10,Toys,318.09,5,Defective,returned,648.0,68,Female,City30,Gift Card,Next-Day,35.87,1,0.4953703703703703,Wednesday,0.650918806834046
ORD00001813,PROD00001813,USER00001813,2023-03-08,2024-07-01,Electronics,117.92,2,Wrong item,returned,481.0,56,Female,City83,Debit Card,Next-Day,16.48,1,0.5093198992443325,Wednesday,0.611595157390368
ORD00001814,PROD00001814,USER00001814,2023-02-14,2024-09-10,Home,191.62,3,Not as described,returned,574.0,50,Female,City94,Credit Card,Next-Day,20.41,1,0.4901477832512315,Tuesday,0.6227449620614351
ORD00001934,PROD00001934,USER00001934,2023-06-25,2024-09-03,Electronics,261.04,4,Defective,returned,436.0,41,Female,City2,Debit Card,Standard,11.48,1,0.5093198992443325,Sunday,0.6187452216462346
ORD00001940,PROD00001940,USER00001940,2023-03-29,2024-11-10,Books,393.45,5,Defective,returned,592.0,39,Male,City93,Debit Card,Next-Day,39.46,1,0.5066144047035767,Wednesday,0.6426323011481637
ORD00001993,PROD00001993,USER00001993,2023-01-11,2024-04-20,Clothing,393.95,4,Wrong item,returned,465.0,66,Female,City70,Debit Card,Next-Day,16.94,1,0.5245,Wednesday,0.6115728199053846
ORD00002002,PROD00002002,USER00002002,2023-08-29,2024-12-20,Clothing,158.02,5,Defective,returned,479.0,31,Male,City60,PayPal,Next-Day,30.36,1,0.5245,Tuesday,0.6100330764689081
ORD00002016,PROD00002016,USER00002016,2023-04-28,2024-05-29,Electronics,395.66,2,Wrong item,returned,397.0,57,Male,City23,PayPal,Standard,49.0,1,0.5093198992443325,Friday,0.6207107326299995
ORD00002048,PROD00002048,USER00002048,2023-02-10,2024-05-15,Electronics,374.13,2,Not as described,returned,460.0,39,Male,City56,PayPal,Express,43.49,1,0.5093198992443325,Friday,0.6452407152268202
ORD00002097,PROD00002097,USER00002097,2023-03-03,2024-08-05,Home,5.27,4,Defective,returned,521.0,63,Female,City26,Debit Card,Express,22.11,1,0.4901477832512315,Friday,0.6506000253246053
ORD00002125,PROD00002125,USER00002125,2023-01-31,2024-09-21,Electronics,452.05,4,Wrong item,returned,599.0,36,Female,City75,PayPal,Next-Day,0.21,1,0.5093198992443325,Tuesday,0.6506502612367852
ORD00002145,PROD00002145,USER00002145,2023-07-24,2024-10-30,Clothing,61.18,3,Changed mind,returned,464.0,55,Female,City72,Credit Card,Next-Day,29.17,1,0.5245,Monday,0.6037184814964666
ORD00002159,PROD00002159,USER00002159,2023-02-16,2024-11-17,Electronics,492.41,5,Not as described,returned,640.0,57,Male,City97,Debit Card,Standard,40.24,1,0.5093198992443325,Thursday,0.6854579028831377
ORD00002177,PROD00002177,USER00002177,2023-04-13,2024-10-17,Toys,82.18,1,Wrong item,returned,553.0,60,Male,City95,Debit Card,Express,11.49,1,0.4953703703703703,Thursday,0.627662626421516
ORD00002187,PROD00002187,USER00002187,2023-03-09,2024-10-07,Toys,275.51,1,Changed mind,returned,578.0,22,Female,City43,Credit Card,Standard,30.42,1,0.4953703703703703,Thursday,0.6374039804203006
ORD00002291,PROD00002291,USER00002291,2023-05-06,2024-11-28,Home,434.39,2,Changed mind,returned,572.0,63,Female,City28,PayPal,Next-Day,9.97,1,0.4901477832512315,Saturday,0.633490656058443
ORD00002331,PROD00002331,USER00002331,2023-03-31,2024-07-18,Home,135.5,5,Wrong item,returned,475.0,45,Female,City84,Credit Card,Express,32.16,1,0.4901477832512315,Friday,0.6328725184963535
ORD00002339,PROD00002339,USER00002339,2023-02-02,2024-09-25,Books,48.52,3,Defective,returned,601.0,26,Male,City20,Gift Card,Standard,15.94,1,0.5066144047035767,Thursday,0.659323957244753
ORD00002348,PROD00002348,USER00002348,2023-01-27,2024-05-29,Toys,13.72,5,Wrong item,returned,488.0,53,Male,City23,Credit Card,Next-Day,29.75,1,0.4953703703703703,Friday,0.6304649351037358
ORD00002382,PROD00002382,USER00002382,2023-02-24,2024-02-01,Clothing,207.41,5,Defective,returned,342.0,19,Male,City14,Credit Card,Express,41.67,1,0.5245,Friday,0.6051784396543277
ORD00002415,PROD00002415,USER00002415,2023-12-01,2024-10-26,Clothing,203.61,3,Defective,returned,330.0,64,Male,City37,Credit Card,Next-Day,13.47,1,0.5245,Friday,0.6003615358555389
ORD00002444,PROD00002444,USER00002444,2023-01-19,2024-12-26,Electronics,151.15,3,Defective,returned,707.0,35,Male,City73,Gift Card,Standard,9.36,1,0.5093198992443325,Thursday,0.7091569334094623
ORD00002462,PROD00002462,USER00002462,2023-02-19,2024-04-06,Electronics,280.6,2,Not as described,returned,412.0,59,Female,City86,PayPal,Standard,18.69,1,0.5093198992443325,Sunday,0.6092094325478258
ORD00002500,PROD00002500,USER00002500,2023-06-18,2024-12-26,Books,220.67,3,Not as described,returned,557.0,18,Female,City7,Credit Card,Standard,46.62,1,0.5066144047035767,Sunday,0.6533450797009521
ORD00002517,PROD00002517,USER00002517,2023-05-02,2024-08-21,Clothing,312.33,5,Not as described,returned,477.0,65,Male,City23,Gift Card,Next-Day,47.97,1,0.5245,Tuesday,0.6092351402485716
ORD00002519,PROD00002519,USER00002519,2023-02-11,2024-06-11,Books,208.36,5,Wrong item,returned,486.0,20,Female,City6,Debit Card,Standard,4.25,1,0.5066144047035767,Saturday,0.6055182811978181
ORD00002538,PROD00002538,USER00002538,2023-07-16,2024-12-24,Electronics,480.79,3,Changed mind,returned,527.0,61,Male,City81,Gift Card,Next-Day,45.98,1,0.5093198992443325,Sunday,0.6540263418708083
ORD00002546,PROD00002546,USER00002546,2023-02-17,2024-03-13,Electronics,34.66,5,Wrong item,returned,390.0,49,Male,City56,Gift Card,Next-Day,22.51,1,0.5093198992443325,Friday,0.6179440096006072
ORD00002596,PROD00002596,USER00002596,2023-03-02,2024-07-16,Books,373.16,3,Not as described,returned,502.0,51,Male,City18,Credit Card,Standard,9.33,1,0.5066144047035767,Thursday,0.621121686967874
ORD00002613,PROD00002613,USER00002613,2023-02-13,2024-10-11,Electronics,212.16,3,Defective,returned,606.0,51,Male,City14,Gift Card,Express,46.88,1,0.5093198992443325,Monday,0.6530137575999789
ORD00002633,PROD00002633,USER00002633,2023-07-03,2024-11-10,Clothing,147.79,2,Changed mind,returned,496.0,59,Female,City3,Debit Card,Next-Day,0.59,1,0.5245,Monday,0.6164791102706095
ORD00002648,PROD00002648,USER00002648,2023-03-31,2024-06-24,Toys,165.53,3,Defective,returned,451.0,18,Male,City92,Debit Card,Express,3.84,1,0.4953703703703703,Friday,0.6159001511902755
ORD00002710,PROD00002710,USER00002710,2023-01-16,2024-12-02,Home,324.9,5,Defective,returned,686.0,53,Male,City55,Gift Card,Express,0.15,1,0.4901477832512315,Monday,0.6654461499710923
ORD00002716,PROD00002716,USER00002716,2023-05-29,2024-09-26,Clothing,164.6,5,Defective,returned,486.0,23,Female,City18,PayPal,Standard,7.43,1,0.5245,Monday,0.6125077135662284
ORD00002784,PROD00002784,USER00002784,2023-02-08,2024-07-26,Books,100.99,2,Changed mind,returned,534.0,68,Male,City12,Debit Card,Express,29.13,1,0.5066144047035767,Wednesday,0.620005582335667
ORD00002823,PROD00002823,USER00002823,2023-01-11,2024-12-03,Home,166.94,5,Defective,returned,692.0,18,Male,City23,Gift Card,Express,36.24,1,0.4901477832512315,Wednesday,0.6745830306454371
ORD00002843,PROD00002843,USER00002843,2023-01-12,2024-12-26,Books,72.39,3,Defective,returned,714.0,39,Male,City7,PayPal,Express,12.17,1,0.5066144047035767,Thursday,0.7005093921301732
ORD00002850,PROD00002850,USER00002850,2023-01-22,2024-07-17,Clothing,342.24,5,Wrong item,returned,542.0,24,Male,City12,Credit Card,Next-Day,22.22,1,0.5245,Sunday,0.6656691475128723
ORD00002866,PROD00002866,USER00002866,2023-01-31,2024-11-25,Home,324.93,3,Wrong item,returned,664.0,54,Male,City4,PayPal,Express,29.62,1,0.4901477832512315,Tuesday,0.6574831755194335
ORD00002878,PROD00002878,USER00002878,2023-01-23,2024-10-17,Clothing,322.22,2,Not as described,returned,633.0,26,Female,City59,Debit Card,Express,34.23,1,0.5245,Monday,0.6691421016226132
ORD00002886,PROD00002886,USER00002886,2023-01-12,2024-10-30,Electronics,499.71,2,Defective,returned,657.0,55,Male,City69,Credit Card,Next-Day,36.85,1,0.5093198992443325,Thursday,0.6915699540144404
ORD00002909,PROD00002909,USER00002909,2023-05-03,2024-09-26,Home,49.96,2,Wrong item,returned,512.0,53,Male,City78,Debit Card,Standard,47.73,1,0.4901477832512315,Wednesday,0.6052100788965907
ORD00002933,PROD00002933,USER00002933,2023-05-25,2024-10-17,Home,418.93,2,Not as described,returned,511.0,66,Male,City18,Credit Card,Next-Day,9.67,1,0.4901477832512315,Thursday,0.6186760725518594
ORD00002941,PROD00002941,USER00002941,2023-07-07,2024-11-01,Electronics,180.63,1,Wrong item,returned,483.0,44,Male,City1,PayPal,Next-Day,29.4,1,0.5093198992443325,Friday,0.6540168167546301
ORD00002945,PROD00002945,USER00002945,2023-03-26,2024-09-18,Home,96.72,2,Not as described,returned,542.0,70,Female,City79,PayPal,Next-Day,46.91,1,0.4901477832512315,Sunday,0.6417944020789845
ORD00002962,PROD00002962,USER00002962,2023-03-09,2024-06-14,Clothing,183.43,2,Changed mind,returned,463.0,23,Male,City80,Credit Card,Express,35.28,1,0.5245,Thursday,0.6245632513963669
ORD00002981,PROD00002981,USER00002981,2023-01-25,2024-07-19,Electronics,156.65,2,Defective,returned,541.0,51,Female,City71,PayPal,Next-Day,42.82,1,0.5093198992443325,Wednesday,0.6352046859441712
ORD00003016,PROD00003016,USER00003016,2023-03-05,2024-11-17,Toys,79.94,2,Changed mind,returned,623.0,61,Female,City45,Credit Card,Standard,0.49,1,0.4953703703703703,Sunday,0.6652576458832611
ORD00003026,PROD00003026,USER00003026,2023-02-05,2024-06-04,Clothing,382.73,5,Defective,returned,485.0,55,Male,City30,Credit Card,Next-Day,24.78,1,0.5245,Sunday,0.6440767082641268
ORD00003055,PROD00003055,USER00003055,2023-05-28,2024-10-21,Toys,471.88,2,Defective,returned,512.0,65,Female,City93,Debit Card,Express,22.11,1,0.4953703703703703,Sunday,0.6226295745613752
ORD00003148,PROD00003148,USER00003148,2023-09-08,2024-10-28,Clothing,327.87,3,Changed mind,returned,416.0,39,Male,City74,Credit Card,Express,32.8,1,0.5245,Friday,0.6344020378518059
ORD00003152,PROD00003152,USER00003152,2023-07-14,2024-10-27,Toys,22.98,3,Not as described,returned,471.0,18,Female,City82,Debit Card,Express,47.91,1,0.4953703703703703,Friday,0.6238006891501238
ORD00003202,PROD00003202,USER00003202,2023-07-02,2024-09-07,Clothing,111.71,3,Changed mind,returned,433.0,69,Female,City90,Debit Card,Next-Day,0.46,1,0.5245,Sunday,0.6238509203153715
ORD00003222,PROD00003222,USER00003222,2023-02-19,2024-08-18,Electronics,92.78,3,Wrong item,returned,546.0,48,Female,City93,Gift Card,Next-Day,28.75,1,0.5093198992443325,Sunday,0.6611981223311783
ORD00003226,PROD00003226,USER00003226,2023-09-08,2024-11-08,Clothing,463.26,5,Defective,returned,427.0,55,Female,City89,Gift Card,Express,13.32,1,0.5245,Friday,0.638668528895898
ORD00003244,PROD00003244,USER00003244,2023-03-15,2024-11-26,Home,290.5,2,Changed mind,returned,622.0,38,Male,City96,Credit Card,Next-Day,47.08,1,0.4901477832512315,Wednesday,0.6483134833176845
ORD00003248,PROD00003248,USER00003248,2023-02-10,2024-05-24,Clothing,266.87,5,Not as described,returned,469.0,22,Female,City97,Debit Card,Next-Day,22.88,1,0.5245,Friday,0.6547538701811296
ORD00003263,PROD00003263,USER00003263,2023-02-21,2024-12-17,Electronics,495.25,2,Changed mind,returned,665.0,65,Male,City32,Credit Card,Standard,19.82,1,0.5093198992443325,Tuesday,0.6753637483321181
ORD00003304,PROD00003304,USER00003304,2023-05-20,2024-08-30,Electronics,138.42,1,Defective,returned,468.0,56,Female,City36,Debit Card,Next-Day,0.54,1,0.5093198992443325,Saturday,0.6110288562445761
ORD00003321,PROD00003321,USER00003321,2023-06-05,2024-10-28,Books,472.15,1,Defective,returned,511.0,28,Male,City47,Credit Card,Standard,30.69,1,0.5066144047035767,Monday,0.6034220561752799
ORD00003335,PROD00003335,USER00003335,2023-04-15,2024-11-16,Books,422.89,2,Changed mind,returned,581.0,53,Female,City9,Credit Card,Next-Day,11.9,1,0.5066144047035767,Saturday,0.6428549505089364
ORD00003338,PROD00003338,USER00003338,2023-01-04,2024-12-30,Electronics,384.99,2,Not as described,returned,726.0,27,Male,City54,PayPal,Standard,16.99,1,0.5093198992443325,Wednesday,0.7036539480833102
ORD00003346,PROD00003346,USER00003346,2023-06-30,2024-09-11,Books,317.08,1,Not as described,returned,439.0,47,Female,City77,PayPal,Express,37.46,1,0.5066144047035767,Friday,0.6247301315850136
ORD00003370,PROD00003370,USER00003370,2023-07-31,2024-12-23,Books,247.43,5,Defective,returned,511.0,23,Female,City24,Credit Card,Express,1.82,1,0.5066144047035767,Monday,0.6034220561752799
ORD00003373,PROD00003373,USER00003373,2023-04-10,2024-12-06,Books,117.56,1,Defective,returned,606.0,53,Male,City11,Debit Card,Express,38.1,1,0.5066144047035767,Monday,0.640839446298435
ORD00003404,PROD00003404,USER00003404,2023-06-19,2024-09-24,Clothing,18.4,5,Defective,returned,463.0,23,Male,City26,Gift Card,Express,47.77,1,0.5245,Monday,0.6033173277165553
ORD00003415,PROD00003415,USER00003415,2023-06-02,2024-07-02,Clothing,475.6,4,Defective,returned,396.0,59,Female,City45,Debit Card,Express,35.27,1,0.5245,Friday,0.6265908661586829
ORD00003416,PROD00003416,USER00003416,2023-07-11,2024-12-24,Electronics,393.87,4,Changed mind,returned,532.0,27,Female,City30,Credit Card,Next-Day,29.8,1,0.5093198992443325,Tuesday,0.6247068105167365
ORD00003427,PROD00003427,USER00003427,2023-04-28,2024-11-03,Electronics,386.91,2,Defective,returned,555.0,31,Female,City60,Debit Card,Standard,45.51,1,0.5093198992443325,Friday,0.6807996543861164
ORD00003437,PROD00003437,USER00003437,2023-05-05,2024-10-03,Toys,457.61,2,Not as described,returned,517.0,38,Male,City24,Debit Card,Standard,1.19,1,0.4953703703703703,Friday,0.6417182580006584
ORD00003476,PROD00003476,USER00003476,2023-04-09,2024-10-22,Books,46.5,5,Defective,returned,562.0,29,Male,City41,Debit Card,Express,15.98,1,0.5066144047035767,Sunday,0.6552411164687352
ORD00003494,PROD00003494,USER00003494,2023-06-11,2024-11-17,Books,295.62,2,Wrong item,returned,525.0,69,Male,City2,Debit Card,Standard,29.18,1,0.5066144047035767,Sunday,0.6410969532587484
ORD00003544,PROD00003544,USER00003544,2023-01-13,2024-09-21,Toys,82.83,5,Defective,returned,617.0,59,Male,City54,Gift Card,Next-Day,34.04,1,0.4953703703703703,Friday,0.6792826760232907
ORD00003603,PROD00003603,USER00003603,2023-01-23,2024-08-06,Home,329.44,4,Not as described,returned,561.0,61,Male,City31,PayPal,Standard,28.13,1,0.4901477832512315,Monday,0.6172992217832682
ORD00003681,PROD00003681,USER00003681,2023-02-28,2024-11-20,Toys,206.94,3,Defective,returned,631.0,47,Female,City98,Debit Card,Express,39.61,1,0.4953703703703703,Tuesday,0.6375237493831998
ORD00003700,PROD00003700,USER00003700,2023-02-24,2024-08-04,Clothing,245.45,2,Defective,returned,527.0,55,Male,City30,Credit Card,Standard,14.03,1,0.5245,Friday,0.6763914529465636
ORD00003701,PROD00003701,USER00003701,2023-01-16,2024-06-06,Books,349.87,1,Not as described,returned,507.0,67,Female,City99,Gift Card,Standard,37.53,1,0.5066144047035767,Monday,0.6018162002344183
ORD00003776,PROD00003776,USER00003776,2023-07-29,2024-12-22,Clothing,73.31,1,Defective,returned,512.0,33,Male,City59,PayPal,Standard,47.4,1,0.5245,Saturday,0.6346304409930469
ORD00003833,PROD00003833,USER00003833,2023-02-08,2024-12-11,Home,431.92,3,Not as described,returned,672.0,70,Male,City50,Gift Card,Express,33.07,1,0.4901477832512315,Wednesday,0.6671799658486166
ORD00003877,PROD00003877,USER00003877,2023-08-06,2024-09-26,Clothing,336.38,1,Changed mind,returned,417.0,62,Male,City70,PayPal,Next-Day,47.54,1,0.5245,Sunday,0.6175358666819123
ORD00003895,PROD00003895,USER00003895,2023-04-20,2024-12-12,Books,158.3,5,Changed mind,returned,602.0,51,Female,City47,Debit Card,Next-Day,34.33,1,0.5066144047035767,Thursday,0.6597004195884969
ORD00003903,PROD00003903,USER00003903,2023-07-28,2024-10-28,Toys,77.17,5,Changed mind,returned,458.0,25,Male,City29,Gift Card,Express,41.1,1,0.4953703703703703,Friday,0.6186725416406219
ORD00003904,PROD00003904,USER00003904,2023-02-03,2024-12-09,Toys,23.06,1,Changed mind,returned,675.0,50,Male,City71,Credit Card,Standard,11.39,1,0.4953703703703703,Friday,0.7000871301768772
ORD00003938,PROD00003938,USER00003938,2023-07-13,2024-11-16,Home,259.39,3,Changed mind,returned,492.0,59,Female,City85,Debit Card,Express,47.57,1,0.4901477832512315,Thursday,0.6111335585118083
ORD00003974,PROD00003974,USER00003974,2023-12-15,2024-11-28,Electronics,348.37,2,Defective,returned,349.0,27,Female,City25,Gift Card,Express,0.25,1,0.5093198992443325,Friday,0.6015901605077397
ORD00004084,PROD00004084,USER00004084,2023-02-03,2024-01-01,Clothing,197.15,4,Defective,returned,332.0,65,Male,City96,Credit Card,Next-Day,42.62,1,0.5245,Friday,0.6011657297843392
ORD00004114,PROD00004114,USER00004114,2023-07-28,2024-10-19,Toys,391.03,2,Wrong item,returned,449.0,30,Female,City92,Debit Card,Express,0.57,1,0.4953703703703703,Friday,0.6151066455518325
ORD00004181,PROD00004181,USER00004181,2023-06-24,2024-10-30,Books,67.62,5,Changed mind,returned,494.0,27,Male,City74,Credit Card,Next-Day,20.48,1,0.5066144047035767,Saturday,0.6087173282757594
ORD00004197,PROD00004197,USER00004197,2023-06-20,2024-12-20,Toys,365.48,1,Changed mind,returned,549.0,55,Male,City58,Gift Card,Standard,17.47,1,0.4953703703703703,Tuesday,0.6051956797407937
ORD00004208,PROD00004208,USER00004208,2023-02-17,2024-07-12,Books,257.65,1,Wrong item,returned,511.0,64,Female,City86,Gift Card,Express,24.33,1,0.5066144047035767,Friday,0.6525757520370888
ORD00004321,PROD00004321,USER00004321,2023-03-25,2024-09-02,Toys,201.11,5,Not as described,returned,527.0,38,Female,City75,PayPal,Next-Day,18.53,1,0.4953703703703703,Saturday,0.6081727001788798
ORD00004344,PROD00004344,USER00004344,2023-06-19,2024-11-23,Home,384.9,2,Defective,returned,523.0,42,Female,City12,Debit Card,Standard,46.09,1,0.4901477832512315,Monday,0.6021410988355645
ORD00004354,PROD00004354,USER00004354,2023-01-07,2024-10-27,Toys,351.89,3,Defective,returned,659.0,34,Male,City30,Gift Card,Express,38.08,1,0.4953703703703703,Saturday,0.6594698207392661
ORD00004389,PROD00004389,USER00004389,2023-07-25,2024-12-23,Books,229.72,2,Changed mind,returned,517.0,50,Female,City42,Debit Card,Express,42.99,1,0.5066144047035767,Tuesday,0.6061420658765481
ORD00004429,PROD00004429,USER00004429,2023-07-14,2024-08-09,Electronics,346.82,4,Changed mind,returned,392.0,41,Female,City67,Credit Card,Next-Day,8.25,1,0.5093198992443325,Friday,0.6187352914343351
ORD00004466,PROD00004466,USER00004466,2023-02-27,2024-12-16,Toys,437.44,3,Not as described,returned,658.0,46,Male,City2,Credit Card,Express,44.33,1,0.4953703703703703,Monday,0.6476159956838213
ORD00004485,PROD00004485,USER00004485,2023-04-01,2024-12-19,Clothing,207.83,2,Not as described,returned,628.0,45,Male,City99,Gift Card,Next-Day,15.05,1,0.5245,Saturday,0.6784384216047901
ORD00004500,PROD00004500,USER00004500,2023-05-17,2024-10-02,Clothing,206.66,2,Not as described,returned,504.0,55,Male,City53,Credit Card,Next-Day,49.16,1,0.5245,Wednesday,0.6269866077757019
ORD00004520,PROD00004520,USER00004520,2023-01-15,2024-06-30,Home,95.79,4,Changed mind,returned,532.0,21,Female,City53,Debit Card,Express,36.46,1,0.4901477832512315,Sunday,0.6379311870007384
ORD00004526,PROD00004526,USER00004526,2023-08-06,2024-10-16,Clothing,416.74,5,Wrong item,returned,437.0,37,Female,City49,PayPal,Standard,15.26,1,0.5245,Sunday,0.6254232217899299
ORD00004536,PROD00004536,USER00004536,2023-07-12,2024-10-02,Clothing,339.58,3,Changed mind,returned,448.0,26,Male,City65,Credit Card,Express,36.73,1,0.5245,Wednesday,0.604781446903544
ORD00004563,PROD00004563,USER00004563,2023-01-22,2024-10-18,Electronics,415.59,3,Defective,returned,635.0,50,Female,City36,Debit Card,Next-Day,25.73,1,0.5093198992443325,Sunday,0.6937785596243013
ORD00004578,PROD00004578,USER00004578,2023-05-21,2024-12-09,Clothing,127.21,2,Defective,returned,568.0,41,Female,City18,PayPal,Express,9.71,1,0.5245,Sunday,0.6752988367475766
ORD00004667,PROD00004667,USER00004667,2023-05-28,2024-10-18,Electronics,153.43,1,Not as described,returned,509.0,20,Male,City28,Debit Card,Express,11.09,1,0.5093198992443325,Sunday,0.6471667520220957
ORD00004790,PROD00004790,USER00004790,2023-03-26,2024-05-04,Electronics,21.55,5,Defective,returned,405.0,32,Female,City22,Gift Card,Next-Day,20.12,1,0.5093198992443325,Sunday,0.6064120112812211
ORD00004807,PROD00004807,USER00004807,2023-02-03,2024-03-15,Clothing,397.17,2,Not as described,returned,406.0,42,Male,City31,PayPal,Next-Day,25.92,1,0.5245,Friday,0.6305049967744225
ORD00004811,PROD00004811,USER00004811,2023-02-18,2024-10-18,Electronics,404.87,3,Wrong item,returned,608.0,60,Female,City94,PayPal,Next-Day,18.04,1,0.5093198992443325,Saturday,0.6651534899614105
ORD00004861,PROD00004861,USER00004861,2023-03-17,2024-08-10,Books,359.95,1,Not as described,returned,512.0,25,Female,City34,Gift Card,Next-Day,22.26,1,0.5066144047035767,Friday,0.6529557463193124
ORD00004862,PROD00004862,USER00004862,2023-01-18,2024-09-11,Clothing,19.98,4,Not as described,returned,602.0,21,Male,City15,Credit Card,Express,9.51,1,0.5245,Wednesday,0.6645429196951744
ORD00004874,PROD00004874,USER00004874,2023-09-01,2024-10-14,Clothing,344.98,2,Not as described,returned,409.0,54,Female,City73,Debit Card,Next-Day,47.99,1,0.5245,Friday,0.6316759233383534
ORD00004887,PROD00004887,USER00004887,2023-02-12,2024-12-03,Toys,22.48,4,Changed mind,returned,660.0,32,Female,City2,Credit Card,Express,12.88,1,0.4953703703703703,Sunday,0.6789265093265779
ORD00004919,PROD00004919,USER00004919,2023-02-28,2024-09-28,Home,167.27,3,Defective,returned,578.0,23,Female,City71,PayPal,Next-Day,36.22,1,0.4901477832512315,Tuesday,0.6243191025415986
ORD00004936,PROD00004936,USER00004936,2023-05-24,2024-12-29,Toys,411.4,2,Not as described,returned,585.0,30,Male,City70,Gift Card,Express,23.13,1,0.4953703703703703,Wednesday,0.6265542051697099
ORD00004975,PROD00004975,USER00004975,2023-01-03,2024-10-01,Books,288.87,5,Defective,returned,637.0,45,Female,City65,Gift Card,Express,3.76,1,0.5066144047035767,Tuesday,0.6530110610505538
ORD00005010,PROD00005010,USER00005010,2023-03-27,2024-06-29,Clothing,28.88,4,Changed mind,returned,460.0,37,Female,City61,Debit Card,Standard,24.21,1,0.5245,Monday,0.6021130344000707
ORD00005087,PROD00005087,USER00005087,2023-04-16,2024-08-15,Clothing,417.19,4,Changed mind,returned,487.0,38,Male,City5,PayPal,Express,14.14,1,0.5245,Sunday,0.6448449732169927
ORD00005093,PROD00005093,USER00005093,2023-04-11,2024-11-22,Home,343.2,5,Wrong item,returned,591.0,59,Female,City28,PayPal,Standard,26.39,1,0.4901477832512315,Tuesday,0.6294167996013526
ORD00005101,PROD00005101,USER00005101,2023-04-13,2024-10-08,Electronics,417.97,4,Wrong item,returned,544.0,23,Female,City36,Credit Card,Express,21.57,1,0.5093198992443325,Thursday,0.6497698080253389
ORD00005118,PROD00005118,USER00005118,2023-10-12,2024-11-22,Clothing,341.89,5,Not as described,returned,407.0,28,Male,City42,PayPal,Next-Day,18.34,1,0.5245,Thursday,0.6023053338617413
ORD00005156,PROD00005156,USER00005156,2023-02-19,2024-03-23,Electronics,30.23,4,Changed mind,returned,398.0,27,Female,City1,PayPal,Express,3.19,1,0.5093198992443325,Sunday,0.6036075946327802
ORD00005179,PROD00005179,USER00005179,2023-01-01,2024-05-19,Home,179.8,4,Not as described,returned,504.0,44,Female,City59,Credit Card,Standard,7.01,1,0.4901477832512315,Sunday,0.6270202772707525
ORD00005189,PROD00005189,USER00005189,2023-02-28,2024-11-10,Books,19.3,2,Changed mind,returned,621.0,23,Male,City7,Gift Card,Next-Day,17.72,1,0.5066144047035767,Tuesday,0.6469084831734984
ORD00005230,PROD00005230,USER00005230,2023-01-29,2024-05-20,Clothing,442.18,1,Defective,returned,477.0,66,Female,City34,Debit Card,Standard,44.67,1,0.5245,Sunday,0.6409962547605128
ORD00005250,PROD00005250,USER00005250,2023-01-07,2024-08-24,Toys,363.57,2,Not as described,returned,595.0,64,Female,City37,PayPal,Next-Day,28.14,1,0.4953703703703703,Saturday,0.6349792297261833
ORD00005266,PROD00005266,USER00005266,2023-01-01,2024-06-23,Electronics,233.97,3,Wrong item,returned,539.0,54,Female,City56,Credit Card,Standard,38.82,1,0.5093198992443325,Sunday,0.6585642787244453
ORD00005269,PROD00005269,USER00005269,2023-06-14,2024-11-16,Electronics,343.19,2,Defective,returned,521.0,39,Male,City84,PayPal,Next-Day,17.41,1,0.5093198992443325,Wednesday,0.627400591215752
ORD00005291,PROD00005291,USER00005291,2023-02-04,2024-05-02,Electronics,142.6,1,Wrong item,returned,453.0,41,Female,City50,PayPal,Express,7.97,1,0.5093198992443325,Saturday,0.6050356549675805
ORD00005292,PROD00005292,USER00005292,2023-03-08,2024-09-06,Home,90.5,2,Changed mind,returned,548.0,49,Female,City7,Credit Card,Express,43.08,1,0.4901477832512315,Wednesday,0.6195349913209056
ORD00005340,PROD00005340,USER00005340,2023-08-24,2024-12-26,Books,310.41,5,Not as described,returned,490.0,42,Female,City96,Credit Card,Next-Day,29.95,1,0.5066144047035767,Thursday,0.61637599315367
ORD00005393,PROD00005393,USER00005393,2023-01-26,2024-12-14,Books,470.42,2,Changed mind,returned,688.0,41,Female,City64,PayPal,Standard,37.13,1,0.5066144047035767,Thursday,0.6912855746530554
ORD00005399,PROD00005399,USER00005399,2023-06-28,2024-12-25,Clothing,181.89,5,Not as described,returned,546.0,66,Female,City30,Debit Card,Standard,40.14,1,0.5245,Wednesday,0.6433015460896937
ORD00005423,PROD00005423,USER00005423,2023-01-06,2024-06-02,Books,158.46,3,Changed mind,returned,513.0,50,Female,City39,Credit Card,Next-Day,39.19,1,0.5066144047035767,Friday,0.653335545770302
ORD00005456,PROD00005456,USER00005456,2023-07-20,2024-11-28,Home,218.17,4,Defective,returned,497.0,40,Male,City85,Debit Card,Express,20.38,1,0.4901477832512315,Thursday,0.6131237591267962
ORD00005463,PROD00005463,USER00005463,2023-05-14,2024-08-26,Electronics,240.9,4,Defective,returned,470.0,26,Female,City30,Credit Card,Next-Day,32.51,1,0.5093198992443325,Sunday,0.6320975455314005
ORD00005523,PROD00005523,USER00005523,2023-03-15,2024-12-16,Books,148.82,3,Defective,returned,642.0,50,Male,City64,Debit Card,Express,14.2,1,0.5066144047035767,Wednesday,0.6616444944647304
ORD00005572,PROD00005572,USER00005572,2023-02-13,2024-11-11,Electronics,26.3,3,Wrong item,returned,637.0,35,Male,City46,Credit Card,Express,45.21,1,0.5093198992443325,Monday,0.6646941260220246
ORD00005580,PROD00005580,USER00005580,2023-02-14,2024-11-18,Clothing,381.42,2,Wrong item,returned,643.0,59,Male,City95,Gift Card,Standard,14.4,1,0.5245,Tuesday,0.6731338018730774
ORD00005705,PROD00005705,USER00005705,2023-05-30,2024-11-12,Clothing,375.55,5,Wrong item,returned,532.0,34,Male,City93,Debit Card,Standard,36.74,1,0.5245,Tuesday,0.6309523206796244
ORD00005707,PROD00005707,USER00005707,2023-01-17,2024-09-25,Clothing,348.47,2,Not as described,returned,617.0,30,Female,City47,PayPal,Next-Day,21.24,1,0.5245,Tuesday,0.6634719017121536
ORD00005711,PROD00005711,USER00005711,2023-01-14,2024-07-31,Clothing,147.78,4,Not as described,returned,564.0,41,Female,City50,Gift Card,Next-Day,14.54,1,0.5245,Saturday,0.6545975215319116
ORD00005719,PROD00005719,USER00005719,2023-01-19,2024-09-11,Home,352.05,4,Wrong item,returned,601.0,40,Male,City87,PayPal,Next-Day,33.99,1,0.4901477832512315,Thursday,0.6535805350188753
ORD00005724,PROD00005724,USER00005724,2023-04-08,2024-09-19,Home,338.47,4,Not as described,returned,530.0,23,Male,City35,PayPal,Express,40.45,1,0.4901477832512315,Saturday,0.6169941473635544
ORD00005739,PROD00005739,USER00005739,2023-05-26,2024-10-28,Home,68.24,5,Defective,returned,521.0,37,Male,City28,Credit Card,Standard,10.47,1,0.4901477832512315,Friday,0.6506000253246053
ORD00005793,PROD00005793,USER00005793,2023-03-31,2024-06-17,Toys,253.49,3,Not as described,returned,444.0,44,Female,City32,PayPal,Next-Day,43.63,1,0.4953703703703703,Friday,0.6131202089531824
ORD00005845,PROD00005845,USER00005845,2023-01-18,2024-12-11,Electronics,216.88,4,Changed mind,returned,693.0,26,Male,City52,Gift Card,Next-Day,7.53,1,0.5093198992443325,Wednesday,0.6919891211108256
ORD00005854,PROD00005854,USER00005854,2023-05-25,2024-10-07,Books,411.98,1,Not as described,returned,501.0,52,Female,City98,PayPal,Express,38.5,1,0.5066144047035767,Thursday,0.6207270827592545
ORD00005859,PROD00005859,USER00005859,2023-10-01,2024-12-28,Electronics,427.72,2,Wrong item,returned,454.0,67,Female,City35,Credit Card,Express,1.77,1,0.5093198992443325,Sunday,0.625837904887769
ORD00005865,PROD00005865,USER00005865,2023-05-20,2024-10-17,Clothing,390.51,5,Defective,returned,516.0,58,Male,City82,Credit Card,Standard,42.04,1,0.5245,Saturday,0.6361839611500091
ORD00005899,PROD00005899,USER00005899,2023-06-14,2024-10-13,Books,384.3,2,Not as described,returned,487.0,60,Male,City52,PayPal,Standard,43.87,1,0.5066144047035767,Wednesday,0.6012743125355792
ORD00005913,PROD00005913,USER00005913,2023-01-06,2024-09-23,Clothing,343.85,4,Changed mind,returned,626.0,36,Male,City71,PayPal,Express,4.49,1,0.5245,Friday,0.7116083926939839
ORD00005915,PROD00005915,USER00005915,2023-01-31,2024-06-30,Clothing,29.18,3,Not as described,returned,516.0,57,Male,City14,PayPal,Express,3.84,1,0.5245,Tuesday,0.6246847643514633
ORD00005934,PROD00005934,USER00005934,2023-07-17,2024-10-27,Clothing,331.95,2,Wrong item,returned,468.0,53,Female,City19,Debit Card,Next-Day,27.07,1,0.5245,Monday,0.6053216968932909
ORD00006016,PROD00006016,USER00006016,2023-02-14,2024-12-03,Clothing,368.12,4,Defective,returned,658.0,55,Male,City39,Credit Card,Express,35.34,1,0.5245,Tuesday,0.6786425171669339
ORD00006027,PROD00006027,USER00006027,2023-05-26,2024-12-19,Books,395.19,4,Wrong item,returned,573.0,37,Male,City28,Gift Card,Express,8.12,1,0.5066144047035767,Friday,0.6757529994277688
ORD00006034,PROD00006034,USER00006034,2023-05-14,2024-10-28,Toys,470.35,4,Not as described,returned,533.0,34,Male,City18,Gift Card,Express,13.63,1,0.4953703703703703,Sunday,0.630865235859402
ORD00006045,PROD00006045,USER00006045,2023-01-02,2024-06-26,Clothing,125.16,1,Changed mind,returned,541.0,48,Female,City51,Credit Card,Next-Day,22.16,1,0.5245,Monday,0.6341522348286538
ORD00006058,PROD00006058,USER00006058,2023-05-15,2024-11-12,Electronics,94.82,3,Defective,returned,547.0,30,Male,City80,Debit Card,Express,46.99,1,0.5093198992443325,Monday,0.630275995568372
ORD00006073,PROD00006073,USER00006073,2023-01-19,2024-07-16,Clothing,143.58,4,Wrong item,returned,544.0,32,Female,City68,Gift Card,Standard,0.02,1,0.5245,Thursday,0.6558280168883065
ORD00006131,PROD00006131,USER00006131,2023-01-04,2024-04-28,Clothing,139.33,2,Not as described,returned,480.0,38,Female,City5,Credit Card,Express,36.02,1,0.5245,Wednesday,0.6175295317859859
ORD00006142,PROD00006142,USER00006142,2023-10-15,2024-12-03,Clothing,276.14,5,Wrong item,returned,415.0,57,Male,City64,Credit Card,Next-Day,14.69,1,0.5245,Sunday,0.6167436374669916
ORD00006144,PROD00006144,USER00006144,2023-03-19,2024-11-13,Home,361.72,4,Defective,returned,605.0,67,Female,City24,Credit Card,Standard,40.96,1,0.4901477832512315,Sunday,0.6656952180645206
ORD00006181,PROD00006181,USER00006181,2023-05-13,2024-11-05,Books,361.48,3,Defective,returned,542.0,42,Male,City51,Debit Card,Next-Day,45.19,1,0.5066144047035767,Saturday,0.6277075276676456
ORD00006189,PROD00006189,USER00006189,2023-04-01,2024-09-30,Toys,245.29,2,Defective,returned,548.0,35,Male,City42,Gift Card,Next-Day,32.63,1,0.4953703703703703,Saturday,0.616529550206589
ORD00006217,PROD00006217,USER00006217,2023-01-18,2024-06-15,Clothing,201.51,3,Wrong item,returned,514.0,23,Female,City44,Credit Card,Standard,22.88,1,0.5245,Wednesday,0.6308990337295998
ORD00006243,PROD00006243,USER00006243,2023-03-26,2024-07-22,Books,253.1,4,Defective,returned,484.0,68,Female,City88,PayPal,Standard,17.51,1,0.5066144047035767,Sunday,0.6251329508619249
ORD00006258,PROD00006258,USER00006258,2023-06-24,2024-12-15,Books,7.18,1,Wrong item,returned,540.0,55,Female,City26,Debit Card,Express,49.65,1,0.5066144047035767,Saturday,0.6269236390424613
ORD00006276,PROD00006276,USER00006276,2023-06-07,2024-09-24,Clothing,140.86,2,Changed mind,returned,475.0,39,Female,City10,Credit Card,Next-Day,18.11,1,0.5245,Wednesday,0.6155477841707713
ORD00006286,PROD00006286,USER00006286,2023-04-13,2024-05-30,Clothing,184.04,3,Wrong item,returned,413.0,47,Female,City28,Debit Card,Express,20.03,1,0.5245,Thursday,0.6047122699302547
ORD00006288,PROD00006288,USER00006288,2023-04-15,2024-09-14,Electronics,363.75,2,Defective,returned,518.0,26,Female,City62,Debit Card,Express,40.87,1,0.5093198992443325,Saturday,0.6307563182791615
ORD00006317,PROD00006317,USER00006317,2023-02-27,2024-09-26,Books,147.58,3,Not as described,returned,577.0,38,Female,City16,PayPal,Express,19.4,1,0.5066144047035767,Monday,0.6295744540783801
ORD00006332,PROD00006332,USER00006332,2023-08-12,2024-12-27,Books,300.66,5,Changed mind,returned,503.0,55,Female,City75,Debit Card,Standard,20.7,1,0.5066144047035767,Saturday,0.6123051092972692
ORD00006340,PROD00006340,USER00006340,2023-05-04,2024-12-20,Electronics,223.62,5,Changed mind,returned,596.0,58,Male,City77,PayPal,Express,3.48,1,0.5093198992443325,Thursday,0.6693406093884445
ORD00006406,PROD00006406,USER00006406,2023-03-01,2024-09-03,Clothing,463.86,1,Not as described,returned,552.0,50,Male,City68,Debit Card,Standard,12.08,1,0.5245,Wednesday,0.6456063555714866
ORD00006467,PROD00006467,USER00006467,2023-04-17,2024-09-18,Clothing,40.52,2,Changed mind,returned,520.0,38,Female,City5,Credit Card,Next-Day,31.58,1,0.5245,Monday,0.6259464267549206
ORD00006481,PROD00006481,USER00006481,2023-04-12,2024-09-24,Clothing,113.92,4,Changed mind,returned,531.0,19,Male,City3,Credit Card,Next-Day,33.3,1,0.5245,Wednesday,0.6375106049397026
ORD00006518,PROD00006518,USER00006518,2023-02-17,2024-12-15,Books,23.63,3,Changed mind,returned,667.0,44,Male,City68,Debit Card,Express,15.62,1,0.5066144047035767,Friday,0.7092843240157518
ORD00006529,PROD00006529,USER00006529,2023-02-03,2024-08-18,Home,116.65,4,Defective,returned,562.0,30,Male,City81,PayPal,Next-Day,26.04,1,0.4901477832512315,Friday,0.6660588428745512
ORD00006543,PROD00006543,USER00006543,2023-03-14,2024-10-13,Books,413.93,1,Changed mind,returned,579.0,49,Male,City53,Credit Card,Express,48.9,1,0.5066144047035767,Tuesday,0.6306638041597162
ORD00006553,PROD00006553,USER00006553,2023-06-24,2024-09-08,Electronics,54.93,4,Defective,returned,442.0,56,Male,City12,Gift Card,Standard,12.29,1,0.5093198992443325,Saturday,0.600620373126838
ORD00006630,PROD00006630,USER00006630,2023-05-11,2024-09-05,Home,421.33,2,Not as described,returned,483.0,43,Male,City51,Debit Card,Next-Day,27.76,1,0.4901477832512315,Thursday,0.6075418848020968
ORD00006638,PROD00006638,USER00006638,2023-04-30,2024-11-09,Home,298.09,3,Wrong item,returned,559.0,33,Female,City43,Gift Card,Express,19.75,1,0.4901477832512315,Sunday,0.6483195987090966
ORD00006641,PROD00006641,USER00006641,2023-04-13,2024-09-24,Clothing,30.59,1,Changed mind,returned,530.0,61,Female,City83,Gift Card,Standard,49.47,1,0.5245,Thursday,0.6505110741980072
ORD00006650,PROD00006650,USER00006650,2023-04-26,2024-08-31,Clothing,421.61,1,Wrong item,returned,493.0,29,Female,City10,Gift Card,Next-Day,33.65,1,0.5245,Wednesday,0.6226636754672479
ORD00006655,PROD00006655,USER00006655,2023-01-24,2024-09-03,Books,276.59,1,Changed mind,returned,588.0,34,Female,City45,PayPal,Next-Day,47.45,1,0.5066144047035767,Tuesday,0.6341712896078253
ORD00006661,PROD00006661,USER00006661,2023-05-28,2024-10-27,Books,420.08,5,Not as described,returned,518.0,67,Female,City37,Debit Card,Express,18.36,1,0.5066144047035767,Sunday,0.6383923049967768
ORD00006665,PROD00006665,USER00006665,2023-09-09,2024-12-19,Clothing,470.8,2,Defective,returned,467.0,18,Male,City72,Gift Card,Next-Day,3.97,1,0.5245,Saturday,0.6169664641711058
ORD00006721,PROD00006721,USER00006721,2023-05-22,2024-12-05,Clothing,320.45,2,Not as described,returned,563.0,57,Female,City46,Credit Card,Next-Day,3.57,1,0.5245,Monday,0.642665992340145
ORD00006778,PROD00006778,USER00006778,2023-04-16,2024-07-04,Home,463.79,1,Not as described,returned,445.0,64,Male,City29,PayPal,Standard,5.02,1,0.4901477832512315,Sunday,0.603613124484672
ORD00006809,PROD00006809,USER00006809,2023-02-26,2024-12-08,Books,123.87,3,Defective,returned,651.0,35,Female,City2,PayPal,Standard,41.9,1,0.5066144047035767,Sunday,0.6881241990061838
ORD00006871,PROD00006871,USER00006871,2023-04-02,2024-12-19,Home,167.06,5,Defective,returned,627.0,66,Male,City66,Gift Card,Next-Day,23.5,1,0.4901477832512315,Sunday,0.6738524526731838
ORD00006880,PROD00006880,USER00006880,2023-01-08,2024-03-24,Clothing,346.05,5,Changed mind,returned,441.0,20,Female,City45,Gift Card,Express,25.08,1,0.5245,Sunday,0.6269928806476819
ORD00006950,PROD00006950,USER00006950,2023-03-24,2024-10-04,Clothing,375.46,5,Not as described,returned,560.0,32,Male,City28,Credit Card,Express,44.82,1,0.5245,Friday,0.6883809774783025
ORD00006962,PROD00006962,USER00006962,2023-04-25,2024-09-24,Books,438.44,3,Not as described,returned,518.0,61,Female,City1,PayPal,Express,42.79,1,0.5066144047035767,Tuesday,0.6065422260170642
ORD00006984,PROD00006984,USER00006984,2023-03-28,2024-12-14,Toys,121.02,3,Wrong item,returned,627.0,35,Male,City28,Debit Card,Next-Day,14.62,1,0.4953703703703703,Tuesday,0.6359726766401583
ORD00006986,PROD00006986,USER00006986,2023-10-29,2024-11-13,Clothing,44.19,1,Not as described,returned,381.0,46,Female,City79,Credit Card,Next-Day,38.51,1,0.5245,Sunday,0.6031838954700158
ORD00006995,PROD00006995,USER00006995,2023-03-25,2024-11-26,Books,474.71,4,Changed mind,returned,612.0,57,Female,City42,Credit Card,Next-Day,34.84,1,0.5066144047035767,Saturday,0.6546964601280613
ORD00006999,PROD00006999,USER00006999,2023-01-17,2024-07-03,Electronics,415.32,1,Changed mind,returned,533.0,56,Male,City35,Debit Card,Standard,25.34,1,0.5093198992443325,Tuesday,0.6250997749215867
ORD00007022,PROD00007022,USER00007022,2023-08-18,2024-10-14,Electronics,306.7,4,Defective,returned,423.0,48,Female,City57,Gift Card,Next-Day,39.14,1,0.5093198992443325,Friday,0.6309173740050052
ORD00007038,PROD00007038,USER00007038,2023-02-04,2024-11-18,Toys,254.71,2,Defective,returned,653.0,38,Female,City87,PayPal,Next-Day,40.86,1,0.4953703703703703,Saturday,0.6572073003691246
ORD00007078,PROD00007078,USER00007078,2023-01-08,2024-06-21,Clothing,62.06,2,Defective,returned,530.0,70,Female,City31,Debit Card,Standard,44.81,1,0.5245,Sunday,0.6611770571574401
ORD00007096,PROD00007096,USER00007096,2023-01-22,2024-10-30,Toys,447.53,1,Not as described,returned,647.0,45,Male,City37,Debit Card,Next-Day,25.96,1,0.4953703703703703,Sunday,0.6741572893272737
ORD00007155,PROD00007155,USER00007155,2023-03-03,2024-05-11,Electronics,247.25,4,Defective,returned,435.0,21,Male,City23,Debit Card,Standard,31.87,1,0.5093198992443325,Friday,0.6355895326670089
ORD00007163,PROD00007163,USER00007163,2023-03-19,2024-08-09,Books,478.16,3,Not as described,returned,509.0,20,Male,City77,Credit Card,Standard,39.31,1,0.5066144047035767,Sunday,0.6349019906845099
ORD00007194,PROD00007194,USER00007194,2023-03-16,2024-10-11,Toys,326.27,2,Changed mind,returned,575.0,21,Female,City55,Credit Card,Next-Day,8.88,1,0.4953703703703703,Thursday,0.6362407773243338
ORD00007241,PROD00007241,USER00007241,2023-01-16,2024-12-04,Home,68.22,4,Not as described,returned,688.0,64,Male,City29,Credit Card,Standard,9.16,1,0.4901477832512315,Monday,0.6661921946993518
ORD00007256,PROD00007256,USER00007256,2023-06-29,2024-12-01,Toys,336.91,5,Defective,returned,521.0,28,Male,City89,PayPal,Express,29.71,1,0.4953703703703703,Thursday,0.6150417416462012
ORD00007284,PROD00007284,USER00007284,2023-04-30,2024-10-04,Clothing,203.85,2,Changed mind,returned,523.0,39,Female,City98,Gift Card,Standard,42.92,1,0.5245,Sunday,0.6585431343596235
ORD00007353,PROD00007353,USER00007353,2023-06-09,2024-07-25,Home,468.6,3,Wrong item,returned,412.0,25,Male,City8,PayPal,Standard,29.65,1,0.4901477832512315,Friday,0.6080068806673449
ORD00007379,PROD00007379,USER00007379,2023-04-01,2024-09-05,Toys,462.19,2,Defective,returned,523.0,59,Male,City57,Debit Card,Express,20.7,1,0.4953703703703703,Saturday,0.6065735387591602
ORD00007383,PROD00007383,USER00007383,2023-08-18,2024-10-02,Books,170.27,1,Defective,returned,411.0,61,Male,City48,Credit Card,Next-Day,10.57,1,0.5066144047035767,Friday,0.6136623286596785
ORD00007387,PROD00007387,USER00007387,2023-01-31,2024-12-30,Clothing,286.58,3,Changed mind,returned,699.0,24,Female,City45,Debit Card,Next-Day,2.58,1,0.5245,Tuesday,0.6934452325005701
ORD00007396,PROD00007396,USER00007396,2023-03-21,2024-11-13,Toys,470.79,1,Wrong item,returned,603.0,49,Female,City51,Credit Card,Next-Day,6.65,1,0.4953703703703703,Tuesday,0.6266077481416455
ORD00007435,PROD00007435,USER00007435,2023-03-29,2024-08-22,Clothing,117.99,1,Changed mind,returned,512.0,49,Male,City11,PayPal,Standard,21.79,1,0.5245,Wednesday,0.6301179052640483
ORD00007451,PROD00007451,USER00007451,2023-04-01,2024-11-21,Electronics,201.46,5,Not as described,returned,600.0,53,Male,City86,PayPal,Standard,43.18,1,0.5093198992443325,Saturday,0.662159768959269
ORD00007487,PROD00007487,USER00007487,2023-04-30,2024-07-14,Home,271.9,3,Not as described,returned,441.0,61,Female,City44,Gift Card,Next-Day,9.63,1,0.4901477832512315,Sunday,0.6020075319394018
ORD00007546,PROD00007546,USER00007546,2023-04-27,2024-09-20,Clothing,146.19,5,Defective,returned,512.0,33,Male,City68,PayPal,Express,45.99,1,0.5245,Thursday,0.64361976542267
ORD00007563,PROD00007563,USER00007563,2023-03-10,2024-11-24,Clothing,72.03,1,Changed mind,returned,625.0,65,Female,City43,Credit Card,Express,16.58,1,0.5245,Friday,0.7112642212357458
ORD00007593,PROD00007593,USER00007593,2023-06-16,2024-10-19,Books,220.14,2,Wrong item,returned,491.0,25,Female,City7,Gift Card,Standard,20.45,1,0.5066144047035767,Friday,0.6449355507415669
ORD00007611,PROD00007611,USER00007611,2023-01-05,2024-04-10,Clothing,154.98,1,Not as described,returned,461.0,25,Male,City68,Credit Card,Standard,12.23,1,0.5245,Thursday,0.6237767103393009
ORD00007622,PROD00007622,USER00007622,2023-05-23,2024-11-14,Books,337.35,1,Defective,returned,541.0,23,Male,City67,Gift Card,Standard,30.61,1,0.5066144047035767,Tuesday,0.6157054880939499
ORD00007634,PROD00007634,USER00007634,2023-02-21,2024-11-06,Clothing,112.19,2,Wrong item,returned,624.0,69,Female,City65,Debit Card,Express,49.97,1,0.5245,Tuesday,0.6660870827562436
ORD00007640,PROD00007640,USER00007640,2023-02-23,2024-11-28,Books,235.15,5,Not as described,returned,644.0,62,Female,City60,Credit Card,Standard,32.22,1,0.5066144047035767,Thursday,0.6753254527768349
ORD00007678,PROD00007678,USER00007678,2023-04-16,2024-08-12,Toys,344.74,3,Changed mind,returned,484.0,59,Female,City69,PayPal,Next-Day,47.44,1,0.4953703703703703,Sunday,0.6115383420011602
ORD00007683,PROD00007683,USER00007683,2023-05-06,2024-10-17,Books,65.65,4,Changed mind,returned,530.0,68,Female,City23,Gift Card,Next-Day,38.34,1,0.5066144047035767,Saturday,0.622994255169379
ORD00007684,PROD00007684,USER00007684,2023-02-22,2024-09-21,Books,327.07,1,Defective,returned,577.0,64,Male,City50,Credit Card,Standard,7.0,1,0.5066144047035767,Wednesday,0.6368366285866717
ORD00007690,PROD00007690,USER00007690,2023-05-18,2024-10-27,Clothing,185.16,3,Not as described,returned,528.0,30,Female,City40,Debit Card,Express,27.13,1,0.5245,Thursday,0.6497484086907889
ORD00007696,PROD00007696,USER00007696,2023-01-01,2024-08-09,Books,423.18,1,Changed mind,returned,586.0,58,Male,City21,Credit Card,Next-Day,39.74,1,0.5066144047035767,Sunday,0.6642726720372102
ORD00007713,PROD00007713,USER00007713,2023-02-04,2024-10-08,Books,465.02,1,Defective,returned,612.0,46,Male,City21,Gift Card,Express,23.3,1,0.5066144047035767,Saturday,0.6546964601280613
ORD00007784,PROD00007784,USER00007784,2023-01-22,2024-05-15,Home,376.48,3,Wrong item,returned,479.0,42,Female,City86,Credit Card,Express,15.13,1,0.4901477832512315,Sunday,0.6171675083017332
ORD00007786,PROD00007786,USER00007786,2023-02-06,2024-08-16,Toys,213.62,3,Changed mind,returned,557.0,35,Female,City28,Gift Card,Next-Day,11.09,1,0.4953703703703703,Monday,0.6080808797095975
ORD00007801,PROD00007801,USER00007801,2023-01-20,2024-09-18,Toys,113.79,2,Defective,returned,607.0,44,Female,City34,Debit Card,Express,45.83,1,0.4953703703703703,Friday,0.6756194203676796
ORD00007812,PROD00007812,USER00007812,2023-04-17,2024-11-02,Clothing,355.52,4,Defective,returned,565.0,66,Female,City19,Debit Card,Express,17.79,1,0.5245,Monday,0.6434356165859266
ORD00007830,PROD00007830,USER00007830,2023-04-11,2024-08-21,Electronics,183.95,2,Not as described,returned,498.0,28,Female,City7,Debit Card,Standard,19.85,1,0.5093198992443325,Tuesday,0.6112512207517572
ORD00007832,PROD00007832,USER00007832,2023-04-14,2024-03-16,Clothing,412.67,2,Not as described,returned,337.0,21,Female,City89,Credit Card,Standard,16.43,1,0.5245,Friday,0.6031738198888709
ORD00007889,PROD00007889,USER00007889,2023-06-19,2024-12-12,Books,407.0,4,Changed mind,returned,542.0,62,Female,City100,Debit Card,Standard,26.78,1,0.5066144047035767,Monday,0.6157895969015299
ORD00007977,PROD00007977,USER00007977,2023-05-24,2024-11-23,Electronics,277.66,2,Defective,returned,549.0,18,Male,City37,PayPal,Standard,35.49,1,0.5093198992443325,Wednesday,0.6383067931461448
ORD00008029,PROD00008029,USER00008029,2023-03-26,2024-09-03,Toys,223.5,4,Defective,returned,527.0,53,Male,City67,Debit Card,Standard,18.7,1,0.4953703703703703,Sunday,0.62851972003047
ORD00008113,PROD00008113,USER00008113,2023-01-07,2024-04-14,Clothing,301.95,3,Not as described,returned,463.0,47,Female,City95,Debit Card,Express,47.26,1,0.5245,Saturday,0.6153804952293861
ORD00008118,PROD00008118,USER00008118,2023-01-27,2024-07-06,Clothing,86.2,4,Defective,returned,526.0,25,Female,City10,Debit Card,Express,22.95,1,0.5245,Friday,0.6760243874037329
ORD00008147,PROD00008147,USER00008147,2023-04-14,2024-12-09,Toys,285.84,1,Wrong item,returned,605.0,58,Male,City72,PayPal,Next-Day,36.6,1,0.4953703703703703,Friday,0.6748841627308051
ORD00008162,PROD00008162,USER00008162,2023-03-06,2024-12-13,Electronics,388.59,3,Changed mind,returned,648.0,57,Male,City32,Credit Card,Next-Day,25.61,1,0.5093198992443325,Monday,0.6687916695160484
ORD00008168,PROD00008168,USER00008168,2023-01-18,2024-05-23,Books,466.21,5,Not as described,returned,491.0,40,Female,City43,PayPal,Next-Day,25.09,1,0.5066144047035767,Wednesday,0.6028809118038201
ORD00008225,PROD00008225,USER00008225,2023-01-29,2024-09-12,Toys,443.8,4,Wrong item,returned,592.0,36,Female,City7,Gift Card,Standard,2.99,1,0.4953703703703703,Sunday,0.653586677144307
ORD00008239,PROD00008239,USER00008239,2023-02-02,2024-09-26,Clothing,176.97,2,Not as described,returned,602.0,56,Female,City83,Gift Card,Standard,49.37,1,0.5245,Thursday,0.6774314453150544
ORD00008278,PROD00008278,USER00008278,2023-07-09,2024-09-05,Electronics,55.13,5,Changed mind,returned,424.0,42,Female,City44,PayPal,Next-Day,43.51,1,0.5093198992443325,Sunday,0.6139882603789071
ORD00008316,PROD00008316,USER00008316,2023-03-03,2024-08-15,Electronics,130.12,4,Changed mind,returned,531.0,59,Male,City21,Gift Card,Standard,11.77,1,0.5093198992443325,Friday,0.6719931626895227
ORD00008320,PROD00008320,USER00008320,2023-11-03,2024-12-27,Clothing,414.26,5,Wrong item,returned,420.0,49,Male,City93,Gift Card,Standard,9.13,1,0.5245,Friday,0.6359559720767884
ORD00008325,PROD00008325,USER00008325,2023-01-02,2024-08-20,Books,485.17,4,Wrong item,returned,596.0,64,Male,City51,Credit Card,Express,7.93,1,0.5066144047035767,Monday,0.6369717577565821
ORD00008397,PROD00008397,USER00008397,2023-04-19,2024-10-20,Books,426.32,1,Wrong item,returned,550.0,52,Male,City43,Gift Card,Express,40.55,1,0.5066144047035767,Wednesday,0.6263045340826489
ORD00008433,PROD00008433,USER00008433,2023-04-15,2024-09-11,Electronics,184.59,3,Changed mind,returned,515.0,52,Male,City39,Debit Card,Express,37.81,1,0.5093198992443325,Saturday,0.6295841825666332
ORD00008446,PROD00008446,USER00008446,2023-08-03,2024-11-16,Home,385.26,5,Changed mind,returned,471.0,24,Female,City14,Debit Card,Next-Day,37.53,1,0.4901477832512315,Thursday,0.6027348873043219
ORD00008454,PROD00008454,USER00008454,2023-07-25,2024-12-30,Home,222.31,1,Not as described,returned,524.0,50,Male,City19,Credit Card,Standard,5.21,1,0.4901477832512315,Tuesday,0.6028589728073014
ORD00008460,PROD00008460,USER00008460,2023-06-06,2024-11-24,Home,488.43,1,Wrong item,returned,537.0,42,Female,City36,Debit Card,Next-Day,49.27,1,0.4901477832512315,Tuesday,0.6080650593527472
ORD00008471,PROD00008471,USER00008471,2023-08-04,2024-09-05,Electronics,27.28,4,Defective,returned,398.0,44,Female,City73,Debit Card,Next-Day,10.34,1,0.5093198992443325,Friday,0.6211053434660453
ORD00008500,PROD00008500,USER00008500,2023-05-09,2024-12-24,Books,232.37,4,Wrong item,returned,595.0,58,Male,City34,Debit Card,Next-Day,10.87,1,0.5066144047035767,Tuesday,0.6368895516899958
ORD00008543,PROD00008543,USER00008543,2023-01-06,2024-09-24,Electronics,174.34,1,Wrong item,returned,627.0,54,Female,City97,Debit Card,Express,2.45,1,0.5093198992443325,Friday,0.7064398181503635
ORD00008546,PROD00008546,USER00008546,2023-01-13,2024-05-14,Electronics,275.83,5,Wrong item,returned,487.0,39,Female,City13,Debit Card,Next-Day,23.9,1,0.5093198992443325,Friday,0.6555326489693651
ORD00008599,PROD00008599,USER00008599,2023-06-11,2024-07-27,Clothing,47.99,2,Defective,returned,412.0,23,Male,City19,PayPal,Next-Day,17.43,1,0.5245,Sunday,0.6155541314559193
ORD00008700,PROD00008700,USER00008700,2023-06-19,2024-10-22,Clothing,37.74,3,Defective,returned,491.0,36,Female,City57,Gift Card,Standard,33.43,1,0.5245,Monday,0.6144953176671613
ORD00008706,PROD00008706,USER00008706,2023-01-17,2024-12-30,Books,79.59,4,Defective,returned,713.0,68,Female,City85,Credit Card,Standard,2.26,1,0.5066144047035767,Tuesday,0.6812914834115964
ORD00008720,PROD00008720,USER00008720,2023-04-24,2024-10-07,Electronics,391.68,3,Changed mind,returned,532.0,54,Female,City62,Debit Card,Express,26.37,1,0.5093198992443325,Monday,0.6243970558675525
ORD00008730,PROD00008730,USER00008730,2023-07-28,2024-08-29,Books,286.56,2,Wrong item,returned,398.0,31,Female,City88,Debit Card,Next-Day,25.79,1,0.5066144047035767,Friday,0.6084827196332997
ORD00008744,PROD00008744,USER00008744,2023-06-29,2024-12-08,Home,492.3,3,Wrong item,returned,528.0,58,Male,City1,PayPal,Next-Day,13.08,1,0.4901477832512315,Thursday,0.625376580941322
ORD00008754,PROD00008754,USER00008754,2023-02-19,2024-12-25,Clothing,498.63,5,Defective,returned,675.0,62,Male,City25,Credit Card,Express,35.47,1,0.5245,Sunday,0.7133341919223352
ORD00008757,PROD00008757,USER00008757,2023-03-03,2024-08-18,Electronics,36.76,5,Not as described,returned,534.0,66,Female,City35,Gift Card,Standard,6.24,1,0.5093198992443325,Friday,0.6731007800538069
ORD00008774,PROD00008774,USER00008774,2023-05-26,2024-06-21,Books,183.12,5,Not as described,returned,392.0,38,Female,City15,Credit Card,Express,18.52,1,0.5066144047035767,Friday,0.606083786661669
ORD00008815,PROD00008815,USER00008815,2023-09-09,2024-12-15,Clothing,207.19,2,Defective,returned,463.0,32,Female,City59,Gift Card,Next-Day,35.86,1,0.5245,Saturday,0.6153804952293861
ORD00008847,PROD00008847,USER00008847,2023-01-23,2024-07-02,Books,60.72,3,Wrong item,returned,526.0,42,Male,City43,Credit Card,Express,27.31,1,0.5066144047035767,Monday,0.6094239362793864
ORD00008867,PROD00008867,USER00008867,2023-05-16,2024-10-01,Clothing,174.28,3,Not as described,returned,504.0,69,Male,City4,Debit Card,Next-Day,2.82,1,0.5245,Tuesday,0.6199563928650564
ORD00008930,PROD00008930,USER00008930,2023-04-24,2024-10-18,Books,171.48,1,Wrong item,returned,543.0,28,Female,City19,Credit Card,Standard,21.86,1,0.5066144047035767,Monday,0.6161861617796425
ORD00008955,PROD00008955,USER00008955,2023-03-04,2024-12-18,Electronics,34.0,1,Defective,returned,655.0,36,Female,City11,Gift Card,Next-Day,24.26,1,0.5093198992443325,Saturday,0.6824686245274196
ORD00008983,PROD00008983,USER00008983,2023-10-13,2024-11-15,Books,359.57,3,Wrong item,returned,399.0,52,Female,City69,Credit Card,Next-Day,15.31,1,0.5066144047035767,Friday,0.6088820361591498
ORD00008988,PROD00008988,USER00008988,2023-03-05,2024-11-13,Toys,284.82,4,Wrong item,returned,619.0,36,Male,City54,Gift Card,Express,38.18,1,0.4953703703703703,Sunday,0.6637626581332993
ORD00008993,PROD00008993,USER00008993,2023-01-01,2024-07-13,Books,125.79,1,Not as described,returned,559.0,52,Male,City1,Credit Card,Express,47.83,1,0.5066144047035767,Sunday,0.654104082753319
ORD00009032,PROD00009032,USER00009032,2023-03-26,2024-09-18,Clothing,309.9,1,Defective,returned,542.0,61,Female,City61,Credit Card,Standard,35.49,1,0.5245,Sunday,0.6656691475128723
ORD00009039,PROD00009039,USER00009039,2023-01-14,2024-11-02,Electronics,133.31,5,Defective,returned,658.0,29,Male,City57,Credit Card,Standard,38.4,1,0.5093198992443325,Saturday,0.6835575257334976
ORD00009110,PROD00009110,USER00009110,2023-08-17,2024-12-22,Toys,184.18,4,Defective,returned,493.0,26,Female,City97,Credit Card,Express,30.69,1,0.4953703703703703,Thursday,0.6038693819453653
ORD00009114,PROD00009114,USER00009114,2023-03-31,2024-08-15,Toys,484.19,3,Wrong item,returned,503.0,61,Male,City23,Debit Card,Standard,37.85,1,0.4953703703703703,Friday,0.6363042205986148
ORD00009132,PROD00009132,USER00009132,2023-03-21,2024-10-27,Books,255.77,5,Wrong item,returned,586.0,54,Male,City77,PayPal,Standard,17.6,1,0.5066144047035767,Tuesday,0.633393062149774
ORD00009133,PROD00009133,USER00009133,2023-05-12,2024-04-29,Electronics,466.7,4,Defective,returned,353.0,41,Female,City61,Credit Card,Next-Day,9.51,1,0.5093198992443325,Friday,0.603196326993425
ORD00009135,PROD00009135,USER00009135,2023-06-04,2024-12-25,Books,416.63,1,Not as described,returned,570.0,47,Female,City100,PayPal,Standard,7.22,1,0.5066144047035767,Sunday,0.6582645051856244
ORD00009189,PROD00009189,USER00009189,2023-04-03,2024-09-16,Books,331.32,2,Defective,returned,532.0,34,Male,City16,PayPal,Express,37.5,1,0.5066144047035767,Monday,0.6118155561186871
ORD00009193,PROD00009193,USER00009193,2023-01-20,2024-05-04,Home,63.29,1,Not as described,returned,470.0,48,Female,City87,Credit Card,Next-Day,39.2,1,0.4901477832512315,Friday,0.6309227558265617
ORD00009246,PROD00009246,USER00009246,2023-01-18,2024-08-12,Home,392.33,5,Wrong item,returned,572.0,47,Male,City50,Debit Card,Express,13.81,1,0.4901477832512315,Wednesday,0.6289722732340047
ORD00009259,PROD00009259,USER00009259,2023-01-07,2024-07-26,Toys,322.95,3,Not as described,returned,566.0,54,Female,City12,Credit Card,Standard,7.17,1,0.4953703703703703,Saturday,0.6236383804541029
ORD00009260,PROD00009260,USER00009260,2023-06-20,2024-12-30,Electronics,163.42,3,Not as described,returned,559.0,35,Female,City38,Credit Card,Standard,40.86,1,0.5093198992443325,Tuesday,0.6352577106582381
ORD00009264,PROD00009264,USER00009264,2023-04-20,2024-08-07,Home,386.68,4,Defective,returned,475.0,22,Male,City43,PayPal,Standard,5.12,1,0.4901477832512315,Thursday,0.6043394740686935
ORD00009267,PROD00009267,USER00009267,2023-05-26,2024-08-15,Toys,151.06,3,Not as described,returned,447.0,52,Male,City71,Debit Card,Express,2.04,1,0.4953703703703703,Friday,0.6143125271753752
ORD00009295,PROD00009295,USER00009295,2023-04-09,2024-12-02,Books,107.11,5,Defective,returned,603.0,26,Male,City6,PayPal,Express,11.83,1,0.5066144047035767,Sunday,0.6705985585101663
ORD00009356,PROD00009356,USER00009356,2023-05-26,2024-06-21,Books,238.21,4,Defective,returned,392.0,18,Female,City67,Gift Card,Express,44.62,1,0.5066144047035767,Friday,0.606083786661669
ORD00009382,PROD00009382,USER00009382,2023-01-18,2024-06-14,Electronics,61.69,3,Changed mind,returned,513.0,45,Male,City81,PayPal,Standard,25.88,1,0.5093198992443325,Wednesday,0.6242600070911872
ORD00009416,PROD00009416,USER00009416,2023-01-09,2024-12-17,Toys,101.95,4,Changed mind,returned,708.0,19,Male,City11,Debit Card,Next-Day,19.62,1,0.4953703703703703,Monday,0.6665006476277197
ORD00009422,PROD00009422,USER00009422,2023-07-05,2024-11-04,Electronics,109.25,1,Not as described,returned,488.0,25,Female,City7,PayPal,Next-Day,45.5,1,0.5093198992443325,Wednesday,0.6143791657347263
ORD00009444,PROD00009444,USER00009444,2023-01-27,2024-06-01,Clothing,198.46,2,Wrong item,returned,491.0,60,Male,City10,Gift Card,Standard,21.72,1,0.5245,Friday,0.6630429443899027
ORD00009446,PROD00009446,USER00009446,2023-02-14,2024-06-11,Clothing,37.62,1,Wrong item,returned,483.0,61,Female,City21,Gift Card,Express,6.49,1,0.5245,Tuesday,0.6116271794146397
ORD00009449,PROD00009449,USER00009449,2023-01-05,2024-12-03,Electronics,459.06,1,Not as described,returned,698.0,59,Female,City64,Credit Card,Express,34.49,1,0.5093198992443325,Thursday,0.7060351324271837
ORD00009465,PROD00009465,USER00009465,2023-02-06,2024-08-24,Clothing,43.41,1,Wrong item,returned,565.0,60,Female,City8,Credit Card,Standard,11.29,1,0.5245,Monday,0.6434356165859266
ORD00009479,PROD00009479,USER00009479,2023-04-24,2024-07-29,Clothing,196.82,4,Changed mind,returned,462.0,23,Female,City9,PayPal,Express,11.59,1,0.5245,Monday,0.6029160349457476
ORD00009487,PROD00009487,USER00009487,2023-04-03,2024-11-09,Clothing,260.39,1,Defective,returned,586.0,26,Male,City51,Debit Card,Standard,14.64,1,0.5245,Monday,0.6514713833608758
ORD00009508,PROD00009508,USER00009508,2023-03-28,2024-07-19,Clothing,352.69,3,Wrong item,returned,479.0,51,Female,City100,Credit Card,Standard,40.84,1,0.5245,Tuesday,0.6100330764689081
ORD00009543,PROD00009543,USER00009543,2023-01-04,2024-06-10,Clothing,126.87,2,Defective,returned,523.0,20,Female,City79,PayPal,Next-Day,3.17,1,0.5245,Wednesday,0.6344055802598837
ORD00009551,PROD00009551,USER00009551,2023-01-05,2024-09-01,Clothing,169.03,4,Defective,returned,605.0,65,Female,City36,Credit Card,Express,7.44,1,0.5245,Thursday,0.678529483686237
ORD00009607,PROD00009607,USER00009607,2023-06-11,2024-09-15,Toys,241.75,5,Not as described,returned,462.0,43,Male,City60,PayPal,Standard,12.89,1,0.4953703703703703,Sunday,0.602741382984615
ORD00009646,PROD00009646,USER00009646,2023-06-28,2024-12-04,Electronics,46.15,4,Wrong item,returned,525.0,45,Male,City20,Credit Card,Next-Day,29.55,1,0.5093198992443325,Wednesday,0.6289668796967854
ORD00009659,PROD00009659,USER00009659,2023-01-15,2024-07-12,Clothing,420.32,1,Defective,returned,544.0,41,Male,City58,Credit Card,Next-Day,8.32,1,0.5245,Sunday,0.6664149442464695
ORD00009687,PROD00009687,USER00009687,2023-01-15,2024-11-04,Electronics,197.96,2,Defective,returned,659.0,33,Female,City69,Gift Card,Standard,4.46,1,0.5093198992443325,Sunday,0.7022593006462459
ORD00009689,PROD00009689,USER00009689,2023-04-13,2024-07-22,Clothing,206.65,1,Wrong item,returned,466.0,50,Male,City21,Debit Card,Express,24.61,1,0.5245,Thursday,0.6257418304911658
ORD00009709,PROD00009709,USER00009709,2023-01-24,2024-07-10,Books,128.51,1,Not as described,returned,533.0,46,Female,City8,Credit Card,Standard,9.81,1,0.5066144047035767,Tuesday,0.6125272068669368
ORD00009717,PROD00009717,USER00009717,2023-04-09,2024-11-08,Clothing,356.94,4,Not as described,returned,579.0,35,Male,City75,Gift Card,Next-Day,16.04,1,0.5245,Sunday,0.6793293072894514
ORD00009780,PROD00009780,USER00009780,2023-03-26,2024-09-20,Home,213.25,1,Not as described,returned,544.0,22,Male,City72,Gift Card,Next-Day,1.51,1,0.4901477832512315,Sunday,0.6425648594838611
ORD00009805,PROD00009805,USER00009805,2023-04-15,2024-12-15,Books,354.85,3,Changed mind,returned,610.0,40,Female,City65,Gift Card,Next-Day,14.75,1,0.5066144047035767,Saturday,0.6539380692284913
ORD00009853,PROD00009853,USER00009853,2023-01-19,2024-06-06,Electronics,264.1,2,Not as described,returned,504.0,44,Male,City72,Credit Card,Standard,10.5,1,0.5093198992443325,Thursday,0.6343602644592479
ORD00009858,PROD00009858,USER00009858,2023-06-06,2024-12-29,Toys,132.48,2,Wrong item,returned,572.0,23,Male,City64,Gift Card,Standard,15.4,1,0.4953703703703703,Tuesday,0.6143703635686345
ORD00009868,PROD00009868,USER00009868,2023-09-01,2024-11-06,Toys,81.23,5,Wrong item,returned,432.0,60,Male,City80,Credit Card,Standard,27.07,1,0.4953703703703703,Friday,0.6083374898103537
ORD00009925,PROD00009925,USER00009925,2023-01-05,2024-11-18,Books,288.15,3,Not as described,returned,683.0,53,Female,City84,Credit Card,Next-Day,13.81,1,0.5066144047035767,Thursday,0.6894938305972905
ORD00009943,PROD00009943,USER00009943,2023-10-13,2024-10-30,Clothing,480.84,2,Changed mind,returned,383.0,54,Female,City85,Credit Card,Standard,28.81,1,0.5245,Friday,0.6214776736918909
ORD00009984,PROD00009984,USER00009984,2023-02-26,2024-07-05,Clothing,211.97,3,Defective,returned,495.0,63,Female,City54,Gift Card,Standard,8.09,1,0.5245,Sunday,0.6479105422261539
